var1,var2,var3
1499192921.020010,5,0
1499469856.145137,2,0
1499518522.558304,2,0
