var1,var2,var3
1498928900.759059,5,0
1499122032.492037,5,0
1499196895.670989,5,0
1499288625.645942,5,0
1499288652.126295,5,0
1499288659.752738,5,0
1499288667.823332,5,0
1499288667.956536,5,0
1499288672.969558,5,0
1499297069.333005,5,0
1499367785.097211,5,0
1499367792.155080,5,0
1499459904.126805,5,0
1499460036.519390,5,0
1499506366.010075,5,0
