var1,var2,var3,var4,var5,var6,var7,var8,var9,var10,var11,var12,var13,var14,var15,var16
2017,07,04,09,42,57,924,34603,0x700000323000,2,1,1,2.840.113635.100.6.2.6,1,2.840.113635.100.6.1.13,EQHXZ8M8AV
